SKU;Dia;Mês;Ano;Tipo;Marca;Faturamento;Lucro
SKU 353;01/01/2013;1;2013;Camisa;Reserva;R$ 181,70;R$ 84,00
SKU 563;02/01/2013;1;2013;Camisa;Reserva;R$ 200,90;R$ 153,30
SKU 384;01/01/2013;1;2013;Casaco;Hashtag;R$ 54,10;R$ 11,50
SKU 661;04/01/2013;1;2013;Camiseta;Osklen;R$ 39,30;R$ 9,00
SKU 353;01/01/2013;1;2013;Sandália;Hashtag;R$ 122,30;R$ 83,10
SKU 455;06/01/2013;1;2013;Boné;Hashtag;R$ 49,90;R$ 11,50
SKU 492;07/01/2013;1;2013;Camiseta;Hashtag;R$ 16,70;R$ 5,30
SKU 732;08/01/2013;1;2013;Meia;Osklen;R$ 26,80;R$ 7,90
SKU 817;09/01/2013;1;2013;Boné;Osklen;R$ 96,30;R$ 19,70
SKU 679;10/01/2013;1;2013;Casaco;Reserva;R$ 229,00;R$ 108,90
SKU 343;11/01/2013;1;2013;Meia;Hashtag;R$ 14,00;R$ 4,20
SKU 744;12/01/2013;1;2013;Bota;Osklen;R$ 62,60;R$ 26,80
SKU 699;13/01/2013;1;2013;Camisa;Reserva;R$ 166,40;R$ 98,90
SKU 362;14/01/2013;1;2013;Chinelo;Osklen;R$ 32,40;R$ 8,00
SKU 634;14/01/2013;1;2013;Boné;Osklen;R$ 40,90;R$ 13,60
SKU 195;14/01/2013;1;2013;Casaco;Reserva;R$ 129,10;R$ 77,90
SKU 725;14/01/2013;1;2013;Casaco;Osklen;R$ 166,10;R$ 34,00
SKU 853;14/01/2013;1;2013;Camisa;Hashtag;R$ 22,10;R$ 6,80
SKU 115;14/01/2013;1;2013;Bota;Osklen;R$ 47,60;R$ 14,10
SKU 513;14/01/2013;1;2013;Meia;Reserva;R$ 52,80;R$ 25,10
SKU 931;14/01/2013;1;2013;Boné;Osklen;R$ 63,90;R$ 13,20
SKU 448;14/01/2013;1;2013;Meia;Osklen;R$ 24,70;R$ 6,60
SKU 263;14/01/2013;1;2013;Meia;Reserva;R$ 59,50;R$ 34,90
SKU 228;14/01/2013;1;2013;Camisa;Hashtag;R$ 54,70;R$ 10,50
SKU 377;14/01/2013;1;2013;Chinelo;Osklen;R$ 7,00;R$ 2,40
SKU 316;14/01/2013;1;2013;Camiseta;Reserva;R$ 192,90;R$ 78,40
SKU 999;27/01/2013;1;2013;Camisa;Hashtag;R$ 70,40;R$ 18,70
SKU 891;28/01/2013;1;2013;Sapato;Reserva;R$ 129,20;R$ 45,50
SKU 532;29/01/2013;1;2013;Camiseta;Osklen;R$ 78,70;R$ 21,30
SKU 494;30/01/2013;1;2013;Sapato;Reserva;R$ 134,60;R$ 71,10
SKU 898;31/01/2013;1;2013;Camisa;Hashtag;R$ 67,60;R$ 20,00
SKU 139;01/02/2013;2;2013;Boné;Hashtag;R$ 18,70;R$ 3,40
SKU 135;02/02/2013;2;2013;Chinelo;Osklen;R$ 43,80;R$ 15,40
SKU 645;02/02/2013;2;2013;Camiseta;Reserva;R$ 128,30;R$ 75,30
SKU 831;02/02/2013;2;2013;Chinelo;Osklen;R$ 7,80;R$ 1,00
SKU 217;02/02/2013;2;2013;Casaco;Hashtag;R$ 32,80;R$ 10,10
SKU 573;02/02/2013;2;2013;Bota;Osklen;R$ 82,20;R$ 15,00
SKU 424;02/02/2013;2;2013;Camisa;Hashtag;R$ 179,10;R$ 94,60
SKU 385;02/02/2013;2;2013;Bota;Hashtag;R$ 22,90;R$ 6,20
SKU 984;02/02/2013;2;2013;Camisa;Hashtag;R$ 129,80;R$ 53,30
SKU 552;02/02/2013;2;2013;Boné;Reserva;R$ 175,50;R$ 111,20
SKU 696;02/02/2013;2;2013;Sapato;Osklen;R$ 52,30;R$ 20,20
SKU 427;02/02/2013;2;2013;Sapato;Osklen;R$ 56,20;R$ 16,60
SKU 823;02/02/2013;2;2013;Camisa;Hashtag;R$ 130,90;R$ 25,80
SKU 643;02/02/2013;2;2013;Boné;Reserva;R$ 96,20;R$ 79,90
SKU 334;02/02/2013;2;2013;Sapato;Osklen;R$ 18,20;R$ 3,20
SKU 288;02/02/2013;2;2013;Camiseta;Osklen;R$ 68,60;R$ 16,20
SKU 369;17/02/2013;2;2013;Camisa;Hashtag;R$ 27,10;R$ 6,80
SKU 999;18/02/2013;2;2013;Bota;Hashtag;R$ 80,90;R$ 48,80
SKU 628;19/02/2013;2;2013;Bota;Hashtag;R$ 156,20;R$ 67,50
SKU 483;20/02/2013;2;2013;Camisa;Hashtag;R$ 92,00;R$ 24,20
SKU 779;21/02/2013;2;2013;Camisa;Reserva;R$ 160,20;R$ 116,40
SKU 439;22/02/2013;2;2013;Boné;Osklen;R$ 47,50;R$ 17,20
SKU 186;23/02/2013;2;2013;Meia;Osklen;R$ 27,20;R$ 6,20
SKU 897;24/02/2013;2;2013;Camisa;Osklen;R$ 92,70;R$ 19,90
SKU 524;25/02/2013;2;2013;Camisa;Hashtag;R$ 79,00;R$ 20,40
SKU 117;26/02/2013;2;2013;Bota;Hashtag;R$ 109,70;R$ 51,50
SKU 228;27/02/2013;2;2013;Meia;Reserva;R$ 67,90;R$ 42,40
SKU 935;28/02/2013;2;2013;Sapato;Osklen;R$ 11,70;R$ 2,40
SKU 885;01/03/2013;3;2013;Casaco;Reserva;R$ 262,10;R$ 126,90
SKU 658;02/03/2013;3;2013;Meia;Osklen;R$ 33,20;R$ 7,10
SKU 836;03/03/2013;3;2013;Sapato;Reserva;R$ 67,70;R$ 56,20
SKU 935;04/03/2013;3;2013;Camisa;Hashtag;R$ 73,20;R$ 37,10
SKU 627;05/03/2013;3;2013;Sapato;Reserva;R$ 94,80;R$ 42,40
SKU 411;06/03/2013;3;2013;Casaco;Hashtag;R$ 20,90;R$ 6,20
SKU 545;07/03/2013;3;2013;Camiseta;Reserva;R$ 179,60;R$ 113,90
SKU 426;08/03/2013;3;2013;Bota;Hashtag;R$ 9,10;R$ 2,40
SKU 421;09/03/2013;3;2013;Boné;Hashtag;R$ 29,40;R$ 6,20
SKU 982;10/03/2013;3;2013;Casaco;Hashtag;R$ 35,10;R$ 8,10
SKU 447;11/03/2013;3;2013;Casaco;Osklen;R$ 57,70;R$ 17,10
SKU 748;12/03/2013;3;2013;Sandália;Hashtag;R$ 26,00;R$ 7,80
SKU 794;13/03/2013;3;2013;Bota;Hashtag;R$ 105,90;R$ 68,40
SKU 879;14/03/2013;3;2013;Casaco;Reserva;R$ 223,20;R$ 144,10
SKU 815;15/03/2013;3;2013;Boné;Osklen;R$ 65,60;R$ 12,30
SKU 469;16/03/2013;3;2013;Camisa;Hashtag;R$ 35,80;R$ 7,40
SKU 324;17/03/2013;3;2013;Casaco;Hashtag;R$ 30,00;R$ 8,90
SKU 664;18/03/2013;3;2013;Sapato;Osklen;R$ 46,00;R$ 13,60
SKU 977;19/03/2013;3;2013;Sapato;Reserva;R$ 110,20;R$ 46,60
SKU 696;20/03/2013;3;2013;Camiseta;Reserva;R$ 242,20;R$ 106,60
SKU 135;21/03/2013;3;2013;Bota;Hashtag;R$ 146,30;R$ 51,50
SKU 267;22/03/2013;3;2013;Chinelo;Osklen;R$ 46,20;R$ 20,00
SKU 194;23/03/2013;3;2013;Bota;Hashtag;R$ 17,70;R$ 5,60
SKU 128;24/03/2013;3;2013;Boné;Osklen;R$ 29,20;R$ 16,00
SKU 636;25/03/2013;3;2013;Camisa;Hashtag;R$ 112,50;R$ 23,30
SKU 316;26/03/2013;3;2013;Casaco;Reserva;R$ 284,90;R$ 137,90
SKU 968;27/03/2013;3;2013;Casaco;Reserva;R$ 242,60;R$ 78,90
SKU 564;28/03/2013;3;2013;Casaco;Reserva;R$ 253,50;R$ 92,70
SKU 367;29/03/2013;3;2013;Bota;Hashtag;R$ 10,90;R$ 2,50
SKU 299;30/03/2013;3;2013;Boné;Reserva;R$ 85,40;R$ 50,80
SKU 557;31/03/2013;3;2013;Camiseta;Reserva;R$ 231,50;R$ 112,10
SKU 161;01/04/2013;4;2013;Boné;Hashtag;R$ 15,50;R$ 4,80
SKU 151;02/04/2013;4;2013;Chinelo;Osklen;R$ 22,00;R$ 5,00
SKU 951;03/04/2013;4;2013;Camisa;Reserva;R$ 233,50;R$ 92,50
SKU 932;04/04/2013;4;2013;Bota;Osklen;R$ 90,60;R$ 47,90
SKU 172;05/04/2013;4;2013;Casaco;Hashtag;R$ 46,80;R$ 10,80
SKU 561;06/04/2013;4;2013;Casaco;Reserva;R$ 366,60;R$ 178,80
SKU 262;07/04/2013;4;2013;Camiseta;Osklen;R$ 110,90;R$ 24,60
SKU 236;08/04/2013;4;2013;Chinelo;Osklen;R$ 12,50;R$ 4,90
SKU 729;09/04/2013;4;2013;Meia;Osklen;R$ 39,30;R$ 6,20
SKU 212;07/04/2013;4;2013;Meia;Reserva;R$ 95,20;R$ 59,40
SKU 567;11/04/2013;4;2013;Sandália;Hashtag;R$ 207,60;R$ 158,50
SKU 625;12/04/2013;4;2013;Chinelo;Osklen;R$ 10,10;R$ 2,10
SKU 873;13/04/2013;4;2013;Meia;Osklen;R$ 26,30;R$ 14,40
SKU 873;14/04/2013;4;2013;Casaco;Hashtag;R$ 54,30;R$ 12,50
SKU 259;15/04/2013;4;2013;Boné;Reserva;R$ 165,40;R$ 87,40
SKU 789;16/04/2013;4;2013;Casaco;Hashtag;R$ 54,30;R$ 8,00
SKU 255;17/04/2013;4;2013;Camisa;Reserva;R$ 302,60;R$ 147,60
SKU 244;18/04/2013;4;2013;Sandália;Hashtag;R$ 25,00;R$ 5,80
SKU 195;19/04/2013;4;2013;Meia;Osklen;R$ 54,20;R$ 14,80
SKU 851;20/04/2013;4;2013;Sapato;Osklen;R$ 25,60;R$ 8,40
SKU 313;21/04/2013;4;2013;Camiseta;Hashtag;R$ 36,40;R$ 10,90
SKU 633;22/04/2013;4;2013;Sapato;Osklen;R$ 25,00;R$ 5,70
SKU 881;23/04/2013;4;2013;Meia;Hashtag;R$ 9,80;R$ 2,30
SKU 699;24/04/2013;4;2013;Chinelo;Osklen;R$ 7,00;R$ 1,80
SKU 772;25/04/2013;4;2013;Camisa;Reserva;R$ 211,20;R$ 99,20
SKU 918;26/04/2013;4;2013;Boné;Reserva;R$ 163,30;R$ 50,30
SKU 529;27/04/2013;4;2013;Boné;Hashtag;R$ 13,70;R$ 3,20
SKU 964;28/04/2013;4;2013;Sapato;Reserva;R$ 95,40;R$ 50,40
SKU 881;29/04/2013;4;2013;Sandália;Hashtag;R$ 36,60;R$ 10,00
SKU 474;30/04/2013;4;2013;Camisa;Hashtag;R$ 35,80;R$ 6,40
SKU 588;01/05/2013;5;2013;Casaco;Hashtag;R$ 44,20;R$ 9,20
SKU 384;02/05/2013;5;2013;Sandália;Hashtag;R$ 33,80;R$ 4,20
SKU 262;03/05/2013;5;2013;Meia;Hashtag;R$ 12,10;R$ 2,80
SKU 126;04/05/2013;5;2013;Camiseta;Osklen;R$ 93,10;R$ 25,40
SKU 666;05/05/2013;5;2013;Bota;Osklen;R$ 53,00;R$ 15,70
SKU 129;05/05/2013;5;2013;Sapato;Reserva;R$ 84,50;R$ 26,00
SKU 138;05/05/2013;5;2013;Camisa;Hashtag;R$ 196,90;R$ 138,70
SKU 797;05/05/2013;5;2013;Camiseta;Hashtag;R$ 39,10;R$ 8,20
SKU 761;05/05/2013;5;2013;Meia;Osklen;R$ 36,00;R$ 15,30
SKU 959;05/05/2013;5;2013;Bota;Hashtag;R$ 15,00;R$ 4,60
SKU 649;05/05/2013;5;2013;Camisa;Hashtag;R$ 130,90;R$ 25,80
SKU 459;05/05/2013;5;2013;Meia;Osklen;R$ 20,40;R$ 6,50
SKU 749;05/05/2013;5;2013;Casaco;Hashtag;R$ 34,30;R$ 9,90
SKU 788;05/05/2013;5;2013;Sandália;Hashtag;R$ 308,60;R$ 163,00
SKU 357;05/05/2013;5;2013;Meia;Hashtag;R$ 11,10;R$ 1,60
SKU 274;05/05/2013;5;2013;Meia;Osklen;R$ 28,00;R$ 11,80
SKU 449;05/05/2013;5;2013;Chinelo;Osklen;R$ 5,20;R$ 1,40
SKU 149;05/05/2013;5;2013;Camisa;Reserva;R$ 227,10;R$ 132,00
SKU 544;05/05/2013;5;2013;Casaco;Hashtag;R$ 42,90;R$ 9,90
SKU 619;05/05/2013;5;2013;Camisa;Hashtag;R$ 40,10;R$ 7,20
SKU 935;05/05/2013;5;2013;Chinelo;Osklen;R$ 16,70;R$ 9,20
SKU 866;05/05/2013;5;2013;Casaco;Hashtag;R$ 32,90;R$ 9,00
SKU 797;05/05/2013;5;2013;Boné;Osklen;R$ 63,90;R$ 13,20
SKU 812;05/05/2013;5;2013;Boné;Hashtag;R$ 28,10;R$ 7,20
SKU 732;05/05/2013;5;2013;Sandália;Hashtag;R$ 25,00;R$ 9,40
SKU 481;05/05/2013;5;2013;Casaco;Hashtag;R$ 60,80;R$ 10,80
SKU 633;05/05/2013;5;2013;Boné;Hashtag;R$ 22,50;R$ 6,50
SKU 137;05/05/2013;5;2013;Casaco;Osklen;R$ 136,30;R$ 30,20
SKU 854;05/05/2013;5;2013;Camisa;Reserva;R$ 137,60;R$ 114,20
SKU 127;05/05/2013;5;2013;Camiseta;Hashtag;R$ 19,10;R$ 7,60
SKU 954;05/05/2013;5;2013;Camiseta;Reserva;R$ 194,20;R$ 85,50
SKU 529;05/05/2013;5;2013;Camisa;Reserva;R$ 261,00;R$ 149,40
SKU 737;05/05/2013;5;2013;Meia;Reserva;R$ 63,40;R$ 19,50
SKU 379;05/05/2013;5;2013;Boné;Reserva;R$ 128,50;R$ 74,70
SKU 417;04/06/2013;6;2013;Camisa;Hashtag;R$ 74,60;R$ 30,40
SKU 179;05/06/2013;6;2013;Camisa;Hashtag;R$ 253,50;R$ 103,00
SKU 163;06/06/2013;6;2013;Camisa;Osklen;R$ 113,50;R$ 19,60
SKU 351;07/06/2013;6;2013;Camisa;Reserva;R$ 168,30;R$ 152,40
SKU 585;08/06/2013;6;2013;Casaco;Osklen;R$ 80,50;R$ 30,60
SKU 947;09/06/2013;6;2013;Camiseta;Reserva;R$ 115,10;R$ 60,80
SKU 994;10/06/2013;6;2013;Boné;Osklen;R$ 81,80;R$ 26,60
SKU 831;11/06/2013;6;2013;Camisa;Hashtag;R$ 31,80;R$ 11,00
SKU 438;12/06/2013;6;2013;Meia;Osklen;R$ 42,60;R$ 12,60
SKU 391;13/06/2013;6;2013;Bota;Osklen;R$ 69,00;R$ 17,00
SKU 669;14/06/2013;6;2013;Bota;Osklen;R$ 40,90;R$ 13,10
SKU 927;15/06/2013;6;2013;Casaco;Osklen;R$ 99,40;R$ 46,20
SKU 482;16/06/2013;6;2013;Meia;Reserva;R$ 60,60;R$ 48,00
SKU 418;17/06/2013;6;2013;Casaco;Reserva;R$ 159,40;R$ 126,40
SKU 972;18/06/2013;6;2013;Camiseta;Reserva;R$ 160,30;R$ 103,50
SKU 733;19/06/2013;6;2013;Camisa;Hashtag;R$ 56,20;R$ 11,90
SKU 512;20/06/2013;6;2013;Chinelo;Osklen;R$ 5,00;R$ 1,70
SKU 593;21/06/2013;6;2013;Casaco;Reserva;R$ 152,60;R$ 80,60
SKU 586;22/06/2013;6;2013;Camisa;Reserva;R$ 209,10;R$ 165,70
SKU 334;23/06/2013;6;2013;Meia;Osklen;R$ 29,00;R$ 11,80
SKU 559;24/06/2013;6;2013;Casaco;Hashtag;R$ 59,30;R$ 8,00
SKU 664;25/06/2013;6;2013;Meia;Reserva;R$ 65,00;R$ 21,80
SKU 241;26/06/2013;6;2013;Meia;Hashtag;R$ 16,80;R$ 2,40
SKU 921;07/06/2013;6;2013;Casaco;Hashtag;R$ 23,90;R$ 6,90
SKU 223;08/06/2013;6;2013;Bota;Osklen;R$ 42,60;R$ 12,60
SKU 844;09/06/2013;6;2013;Camisa;Osklen;R$ 121,20;R$ 20,90
SKU 858;10/06/2013;6;2013;Chinelo;Osklen;R$ 67,70;R$ 23,80
SKU 499;11/06/2013;6;2013;Camiseta;Hashtag;R$ 17,20;R$ 3,10
SKU 682;12/06/2013;6;2013;Bota;Hashtag;R$ 124,70;R$ 43,90
SKU 418;13/06/2013;6;2013;Camisa;Osklen;R$ 49,50;R$ 11,40
SKU 694;14/06/2013;6;2013;Camiseta;Reserva;R$ 252,70;R$ 123,20
SKU 151;15/06/2013;6;2013;Sandália;Hashtag;R$ 28,10;R$ 6,50
SKU 123;16/06/2013;6;2013;Casaco;Hashtag;R$ 42,30;R$ 9,00
SKU 494;17/06/2013;6;2013;Sandália;Hashtag;R$ 135,30;R$ 132,70
SKU 675;18/06/2013;6;2013;Meia;Osklen;R$ 31,90;R$ 7,40
SKU 784;19/06/2013;6;2013;Bota;Osklen;R$ 44,30;R$ 7,60
SKU 635;10/07/2013;7;2013;Meia;Hashtag;R$ 17,80;R$ 3,70
SKU 629;11/07/2013;7;2013;Meia;Hashtag;R$ 11,20;R$ 3,50
SKU 688;12/07/2013;7;2013;Casaco;Hashtag;R$ 44,30;R$ 7,40
SKU 581;13/07/2013;7;2013;Camisa;Hashtag;R$ 48,20;R$ 17,80
SKU 111;14/07/2013;7;2013;Camisa;Osklen;R$ 114,70;R$ 31,30
SKU 451;15/07/2013;7;2013;Bota;Osklen;R$ 53,60;R$ 14,50
SKU 536;16/07/2013;7;2013;Boné;Reserva;R$ 120,20;R$ 99,80
SKU 543;16/07/2013;7;2013;Sapato;Osklen;R$ 53,70;R$ 15,80
SKU 731;16/07/2013;7;2013;Boné;Reserva;R$ 113,10;R$ 93,80
SKU 628;16/07/2013;7;2013;Camisa;Hashtag;R$ 45,10;R$ 12,40
SKU 355;16/07/2013;7;2013;Chinelo;Osklen;R$ 6,20;R$ 1,50
SKU 418;16/07/2013;7;2013;Sapato;Osklen;R$ 51,30;R$ 9,70
SKU 963;16/07/2013;7;2013;Camisa;Hashtag;R$ 42,90;R$ 11,30
SKU 287;16/07/2013;7;2013;Bota;Hashtag;R$ 16,40;R$ 2,90
SKU 257;16/07/2013;7;2013;Casaco;Hashtag;R$ 54,10;R$ 9,60
SKU 549;16/07/2013;7;2013;Camisa;Hashtag;R$ 66,40;R$ 16,60
SKU 671;16/07/2013;7;2013;Sapato;Reserva;R$ 87,70;R$ 42,10
SKU 385;16/07/2013;7;2013;Camisa;Osklen;R$ 90,50;R$ 24,50
SKU 951;16/07/2013;7;2013;Boné;Hashtag;R$ 27,10;R$ 4,20
SKU 567;16/07/2013;7;2013;Sandália;Hashtag;R$ 220,50;R$ 81,60
SKU 281;16/07/2013;7;2013;Casaco;Reserva;R$ 198,20;R$ 76,20
SKU 925;16/07/2013;7;2013;Meia;Hashtag;R$ 10,90;R$ 3,30
SKU 222;16/07/2013;7;2013;Sandália;Hashtag;R$ 15,30;R$ 3,50
SKU 736;16/07/2013;7;2013;Camiseta;Reserva;R$ 210,10;R$ 92,50
SKU 761;16/07/2013;7;2013;Sapato;Reserva;R$ 105,20;R$ 61,20
SKU 439;16/07/2013;7;2013;Camiseta;Hashtag;R$ 18,00;R$ 4,60
SKU 775;16/07/2013;7;2013;Camiseta;Osklen;R$ 47,70;R$ 18,30
SKU 131;06/08/2013;8;2013;Camisa;Hashtag;R$ 94,30;R$ 19,50
SKU 759;07/08/2013;8;2013;Camiseta;Hashtag;R$ 43,80;R$ 6,20
SKU 592;08/08/2013;8;2013;Casaco;Reserva;R$ 203,50;R$ 89,60
SKU 669;09/08/2013;8;2013;Camiseta;Osklen;R$ 51,70;R$ 14,20
SKU 747;10/08/2013;8;2013;Sapato;Osklen;R$ 51,10;R$ 11,80
SKU 579;11/08/2013;8;2013;Sapato;Osklen;R$ 12,50;R$ 3,60
SKU 648;11/08/2013;8;2013;Bota;Hashtag;R$ 15,10;R$ 5,30
SKU 767;11/08/2013;8;2013;Camisa;Hashtag;R$ 37,40;R$ 11,90
SKU 566;11/08/2013;8;2013;Camisa;Hashtag;R$ 137,00;R$ 72,40
SKU 756;11/08/2013;8;2013;Camisa;Hashtag;R$ 27,90;R$ 6,40
SKU 945;11/08/2013;8;2013;Camisa;Reserva;R$ 230,90;R$ 144,20
SKU 529;11/08/2013;8;2013;Bota;Osklen;R$ 27,30;R$ 10,10
SKU 493;11/08/2013;8;2013;Casaco;Hashtag;R$ 38,60;R$ 10,90
SKU 663;11/08/2013;8;2013;Sandália;Hashtag;R$ 21,60;R$ 5,00
SKU 167;11/08/2013;8;2013;Meia;Hashtag;R$ 18,20;R$ 4,20
SKU 179;11/08/2013;8;2013;Chinelo;Osklen;R$ 49,20;R$ 31,80
SKU 179;11/08/2013;8;2013;Bota;Hashtag;R$ 12,30;R$ 3,30
SKU 352;11/08/2013;8;2013;Casaco;Hashtag;R$ 37,40;R$ 5,00
SKU 523;11/08/2013;8;2013;Camiseta;Osklen;R$ 53,60;R$ 15,80
SKU 296;11/08/2013;8;2013;Camisa;Hashtag;R$ 33,40;R$ 8,40
SKU 517;11/08/2013;8;2013;Camiseta;Osklen;R$ 47,30;R$ 16,00
SKU 584;11/08/2013;8;2013;Camiseta;Reserva;R$ 196,80;R$ 56,00
SKU 417;11/08/2013;8;2013;Sapato;Osklen;R$ 12,40;R$ 4,90
SKU 921;11/08/2013;8;2013;Sandália;Hashtag;R$ 43,70;R$ 5,90
SKU 233;11/08/2013;8;2013;Camiseta;Osklen;R$ 97,00;R$ 28,70
SKU 231;11/08/2013;8;2013;Sapato;Osklen;R$ 65,00;R$ 10,40
SKU 128;11/08/2013;8;2013;Sandália;Hashtag;R$ 21,60;R$ 8,10
SKU 295;11/08/2013;8;2013;Meia;Reserva;R$ 74,80;R$ 42,80
SKU 354;11/08/2013;8;2013;Chinelo;Osklen;R$ 66,10;R$ 29,10
SKU 581;11/08/2013;8;2013;Casaco;Osklen;R$ 151,30;R$ 24,10
SKU 945;11/08/2013;8;2013;Bota;Hashtag;R$ 83,00;R$ 43,80
SKU 131;11/08/2013;8;2013;Camiseta;Reserva;R$ 102,10;R$ 53,90
SKU 817;07/09/2013;9;2013;Bota;Osklen;R$ 40,90;R$ 16,10
SKU 494;08/09/2013;9;2013;Meia;Osklen;R$ 32,40;R$ 8,60
SKU 422;09/09/2013;9;2013;Casaco;Osklen;R$ 164,30;R$ 48,60
SKU 597;10/09/2013;9;2013;Meia;Hashtag;R$ 18,70;R$ 2,90
SKU 872;11/09/2013;9;2013;Boné;Hashtag;R$ 34,50;R$ 7,90
SKU 331;12/09/2013;9;2013;Camiseta;Hashtag;R$ 41,50;R$ 5,90
SKU 146;13/09/2013;9;2013;Boné;Hashtag;R$ 21,80;R$ 3,50
SKU 981;14/09/2013;9;2013;Boné;Reserva;R$ 117,00;R$ 49,40
SKU 594;15/09/2013;9;2013;Boné;Reserva;R$ 171,00;R$ 90,40
SKU 784;15/09/2013;9;2013;Sapato;Osklen;R$ 16,90;R$ 2,10
SKU 175;15/09/2013;9;2013;Boné;Hashtag;R$ 18,60;R$ 4,90
SKU 578;15/09/2013;9;2013;Boné;Hashtag;R$ 28,30;R$ 3,50
SKU 767;15/09/2013;9;2013;Camisa;Reserva;R$ 280,30;R$ 113,90
SKU 137;15/09/2013;9;2013;Chinelo;Osklen;R$ 31,50;R$ 16,60
SKU 415;15/09/2013;9;2013;Camisa;Hashtag;R$ 18,70;R$ 4,30
SKU 984;15/09/2013;9;2013;Boné;Osklen;R$ 35,20;R$ 16,40
SKU 556;15/09/2013;9;2013;Camisa;Osklen;R$ 136,40;R$ 33,00
SKU 854;15/09/2013;9;2013;Camisa;Hashtag;R$ 102,20;R$ 26,90
SKU 763;15/09/2013;9;2013;Casaco;Reserva;R$ 179,80;R$ 106,80
SKU 312;15/09/2013;9;2013;Meia;Hashtag;R$ 10,80;R$ 2,50
SKU 162;15/09/2013;9;2013;Sapato;Reserva;R$ 75,40;R$ 45,50
SKU 745;15/09/2013;9;2013;Bota;Osklen;R$ 35,20;R$ 15,10
SKU 523;15/09/2013;9;2013;Chinelo;Osklen;R$ 4,80;R$ 1,30
SKU 176;15/09/2013;9;2013;Chinelo;Osklen;R$ 20,20;R$ 5,50
SKU 497;15/09/2013;9;2013;Sandália;Hashtag;R$ 264,60;R$ 139,80
SKU 273;15/09/2013;9;2013;Meia;Reserva;R$ 74,40;R$ 43,20
SKU 513;15/09/2013;9;2013;Casaco;Hashtag;R$ 44,50;R$ 8,00
SKU 167;15/09/2013;9;2013;Sandália;Hashtag;R$ 40,00;R$ 10,90
SKU 727;15/09/2013;9;2013;Boné;Reserva;R$ 124,70;R$ 65,90
SKU 775;15/09/2013;9;2013;Camisa;Hashtag;R$ 144,20;R$ 83,80
SKU 482;15/09/2013;9;2013;Camiseta;Hashtag;R$ 22,90;R$ 5,70
SKU 725;15/09/2013;9;2013;Sapato;Osklen;R$ 12,10;R$ 3,20
SKU 362;15/09/2013;9;2013;Sandália;Hashtag;R$ 35,60;R$ 11,80
SKU 343;15/09/2013;9;2013;Boné;Osklen;R$ 58,30;R$ 10,10
SKU 477;11/10/2013;10;2013;Boné;Reserva;R$ 102,40;R$ 92,80
SKU 966;12/10/2013;10;2013;Casaco;Hashtag;R$ 20,90;R$ 5,50
SKU 897;13/10/2013;10;2013;Camiseta;Hashtag;R$ 21,00;R$ 5,30
SKU 479;14/10/2013;10;2013;Camisa;Hashtag;R$ 127,00;R$ 31,80
SKU 938;15/10/2013;10;2013;Camiseta;Osklen;R$ 76,10;R$ 30,00
SKU 272;16/10/2013;10;2013;Bota;Hashtag;R$ 14,60;R$ 4,30
SKU 998;17/10/2013;10;2013;Sapato;Osklen;R$ 12,20;R$ 3,10
SKU 645;18/10/2013;10;2013;Chinelo;Osklen;R$ 10,10;R$ 3,00
SKU 622;19/10/2013;10;2013;Bota;Hashtag;R$ 11,80;R$ 3,10
SKU 145;20/10/2013;10;2013;Meia;Reserva;R$ 77,90;R$ 45,70
SKU 849;21/10/2013;10;2013;Sandália;Hashtag;R$ 180,10;R$ 95,10
SKU 497;22/10/2013;10;2013;Camiseta;Reserva;R$ 162,10;R$ 52,70
SKU 992;23/10/2013;10;2013;Sapato;Osklen;R$ 15,40;R$ 4,40
SKU 375;24/10/2013;10;2013;Chinelo;Osklen;R$ 13,10;R$ 2,80
SKU 454;25/10/2013;10;2013;Camisa;Osklen;R$ 106,30;R$ 29,00
SKU 418;25/10/2013;10;2013;Camisa;Osklen;R$ 102,70;R$ 25,30
SKU 253;25/10/2013;10;2013;Sapato;Reserva;R$ 57,60;R$ 30,50
SKU 382;25/10/2013;10;2013;Camiseta;Hashtag;R$ 24,00;R$ 5,00
SKU 226;25/10/2013;10;2013;Camisa;Reserva;R$ 179,00;R$ 121,60
SKU 374;25/10/2013;10;2013;Sandália;Hashtag;R$ 38,50;R$ 7,10
SKU 752;25/10/2013;10;2013;Sandália;Hashtag;R$ 33,30;R$ 10,60
SKU 144;25/10/2013;10;2013;Sapato;Osklen;R$ 29,50;R$ 6,10
SKU 628;25/10/2013;10;2013;Bota;Hashtag;R$ 14,30;R$ 2,10
SKU 768;25/10/2013;10;2013;Camiseta;Hashtag;R$ 23,80;R$ 6,10
SKU 477;25/10/2013;10;2013;Sandália;Hashtag;R$ 20,80;R$ 3,40
SKU 879;25/10/2013;10;2013;Boné;Osklen;R$ 33,40;R$ 16,00
SKU 276;25/10/2013;10;2013;Boné;Reserva;R$ 82,80;R$ 68,80
SKU 943;25/10/2013;10;2013;Boné;Reserva;R$ 128,50;R$ 61,10
SKU 147;25/10/2013;10;2013;Casaco;Reserva;R$ 215,60;R$ 164,60
SKU 737;25/10/2013;10;2013;Camisa;Reserva;R$ 144,30;R$ 76,20
SKU 326;10/11/2013;11;2013;Chinelo;Osklen;R$ 33,90;R$ 19,90
SKU 742;11/11/2013;11;2013;Sapato;Osklen;R$ 16,80;R$ 3,00
SKU 721;12/11/2013;11;2013;Camisa;Osklen;R$ 127,80;R$ 41,60
SKU 121;13/11/2013;11;2013;Bota;Osklen;R$ 39,10;R$ 7,40
SKU 695;13/11/2013;11;2013;Chinelo;Osklen;R$ 13,10;R$ 2,50
SKU 827;13/11/2013;11;2013;Bota;Osklen;R$ 54,70;R$ 14,60
SKU 969;13/11/2013;11;2013;Bota;Osklen;R$ 40,70;R$ 15,50
SKU 313;13/11/2013;11;2013;Camiseta;Hashtag;R$ 42,60;R$ 6,10
SKU 889;13/11/2013;11;2013;Camisa;Reserva;R$ 206,00;R$ 99,80
SKU 437;13/11/2013;11;2013;Boné;Reserva;R$ 118,40;R$ 116,20
SKU 444;13/11/2013;11;2013;Camisa;Hashtag;R$ 40,10;R$ 7,20
SKU 231;13/11/2013;11;2013;Chinelo;Osklen;R$ 16,70;R$ 7,20
SKU 547;13/11/2013;11;2013;Bota;Osklen;R$ 143,40;R$ 82,70
SKU 424;13/11/2013;11;2013;Boné;Osklen;R$ 25,10;R$ 8,50
SKU 531;13/11/2013;11;2013;Sandália;Hashtag;R$ 48,60;R$ 9,50
SKU 642;13/11/2013;11;2013;Meia;Hashtag;R$ 18,20;R$ 2,60
SKU 291;13/11/2013;11;2013;Camisa;Reserva;R$ 185,10;R$ 78,20
SKU 683;13/11/2013;11;2013;Camiseta;Reserva;R$ 201,80;R$ 117,30
SKU 888;13/11/2013;11;2013;Sapato;Osklen;R$ 33,60;R$ 13,60
SKU 961;29/11/2013;11;2013;Boné;Osklen;R$ 72,00;R$ 18,00
SKU 568;30/11/2013;11;2013;Bota;Hashtag;R$ 31,30;R$ 7,30
SKU 269;30/11/2013;11;2013;Chinelo;Osklen;R$ 9,10;R$ 4,10
SKU 478;30/11/2013;11;2013;Camiseta;Osklen;R$ 51,00;R$ 15,10
SKU 637;30/11/2013;11;2013;Boné;Reserva;R$ 166,50;R$ 64,00
SKU 279;30/11/2013;11;2013;Sapato;Osklen;R$ 11,60;R$ 4,60
SKU 521;30/11/2013;11;2013;Camisa;Hashtag;R$ 32,80;R$ 9,70
SKU 656;30/11/2013;11;2013;Boné;Hashtag;R$ 23,40;R$ 3,20
SKU 199;30/11/2013;11;2013;Casaco;Osklen;R$ 94,30;R$ 41,90
SKU 948;30/11/2013;11;2013;Bota;Hashtag;R$ 158,50;R$ 64,40
SKU 499;30/11/2013;11;2013;Boné;Hashtag;R$ 27,50;R$ 6,40
SKU 164;10/12/2013;12;2013;Camisa;Osklen;R$ 77,00;R$ 27,80
SKU 686;11/12/2013;12;2013;Casaco;Reserva;R$ 372,10;R$ 136,10
SKU 544;12/12/2013;12;2013;Camiseta;Hashtag;R$ 15,30;R$ 3,10
SKU 963;13/12/2013;12;2013;Chinelo;Osklen;R$ 60,20;R$ 28,90
SKU 453;14/12/2013;12;2013;Casaco;Hashtag;R$ 21,80;R$ 7,90
SKU 293;15/12/2013;12;2013;Boné;Osklen;R$ 81,80;R$ 29,00
SKU 287;16/12/2013;12;2013;Meia;Reserva;R$ 67,90;R$ 19,30
SKU 343;17/12/2013;12;2013;Sandália;Hashtag;R$ 43,30;R$ 5,40
SKU 523;18/12/2013;12;2013;Boné;Reserva;R$ 186,10;R$ 71,50
SKU 993;19/12/2013;12;2013;Meia;Hashtag;R$ 15,80;R$ 3,60
SKU 119;20/12/2013;12;2013;Sandália;Hashtag;R$ 15,30;R$ 3,50
SKU 255;21/12/2013;12;2013;Bota;Hashtag;R$ 91,60;R$ 48,40
SKU 596;22/12/2013;12;2013;Sapato;Reserva;R$ 82,80;R$ 60,20
SKU 459;23/12/2013;12;2013;Sandália;Hashtag;R$ 48,70;R$ 9,40
SKU 989;24/12/2013;12;2013;Sapato;Osklen;R$ 19,50;R$ 4,10
SKU 872;25/12/2013;12;2013;Sapato;Osklen;R$ 18,30;R$ 6,10
SKU 255;26/12/2013;12;2013;Sapato;Osklen;R$ 18,30;R$ 5,60
SKU 118;27/12/2013;12;2013;Casaco;Hashtag;R$ 40,60;R$ 10,50
SKU 459;26/12/2013;12;2013;Camisa;Reserva;R$ 204,60;R$ 108,10
SKU 256;27/12/2013;12;2013;Sapato;Reserva;R$ 55,00;R$ 32,70
SKU 663;26/12/2013;12;2013;Chinelo;Osklen;R$ 33,70;R$ 10,80
SKU 733;27/12/2013;12;2013;Chinelo;Osklen;R$ 12,20;R$ 2,00
SKU 478;26/12/2013;12;2013;Meia;Osklen;R$ 18,20;R$ 6,20
SKU 361;27/12/2013;12;2013;Camisa;Reserva;R$ 268,60;R$ 103,20
SKU 549;26/12/2013;12;2013;Sandália;Hashtag;R$ 52,80;R$ 12,20
SKU 466;27/12/2013;12;2013;Chinelo;Osklen;R$ 15,40;R$ 6,80
SKU 681;26/12/2013;12;2013;Sapato;Osklen;R$ 8,30;R$ 1,70
SKU 256;27/12/2013;12;2013;Camiseta;Osklen;R$ 127,90;R$ 23,30
SKU 757;26/12/2013;12;2013;Casaco;Reserva;R$ 267,10;R$ 141,10
SKU 367;27/12/2013;12;2013;Camisa;Hashtag;R$ 82,50;R$ 24,40
SKU 185;09/01/2014;1;2014;Boné;Hashtag;R$ 38,50;R$ 6,80
SKU 167;10/01/2014;1;2014;Boné;Hashtag;R$ 20,60;R$ 3,40
SKU 486;11/01/2014;1;2014;Meia;Hashtag;R$ 9,80;R$ 2,30
SKU 567;12/01/2014;1;2014;Casaco;Reserva;R$ 258,60;R$ 109,30
SKU 824;13/01/2014;1;2014;Boné;Reserva;R$ 132,80;R$ 46,80
SKU 811;14/01/2014;1;2014;Camisa;Reserva;R$ 187,80;R$ 57,90
SKU 162;15/01/2014;1;2014;Meia;Hashtag;R$ 15,00;R$ 2,00
SKU 986;16/01/2014;1;2014;Camiseta;Hashtag;R$ 20,90;R$ 5,80
SKU 798;17/01/2014;1;2014;Camisa;Hashtag;R$ 30,40;R$ 8,40
SKU 446;18/01/2014;1;2014;Bota;Hashtag;R$ 33,80;R$ 4,20
SKU 975;19/01/2014;1;2014;Bota;Hashtag;R$ 10,90;R$ 2,50
SKU 138;20/01/2014;1;2014;Boné;Osklen;R$ 38,20;R$ 12,90
SKU 536;21/01/2014;1;2014;Camisa;Hashtag;R$ 232,40;R$ 135,10
SKU 529;22/01/2014;1;2014;Casaco;Osklen;R$ 69,30;R$ 23,00
SKU 134;23/01/2014;1;2014;Camisa;Hashtag;R$ 264,60;R$ 151,50
SKU 437;24/01/2014;1;2014;Camisa;Hashtag;R$ 78,80;R$ 23,30
SKU 819;25/01/2014;1;2014;Sapato;Reserva;R$ 106,00;R$ 44,80
SKU 412;26/01/2014;1;2014;Bota;Osklen;R$ 85,80;R$ 17,60
SKU 839;27/01/2014;1;2014;Sapato;Osklen;R$ 13,80;R$ 2,90
SKU 882;28/01/2014;1;2014;Bota;Hashtag;R$ 17,20;R$ 4,00
SKU 316;29/01/2014;1;2014;Camisa;Hashtag;R$ 24,60;R$ 6,80
SKU 164;30/01/2014;1;2014;Meia;Reserva;R$ 107,50;R$ 48,10
SKU 267;31/01/2014;1;2014;Sandália;Hashtag;R$ 28,30;R$ 4,50
SKU 562;31/01/2014;1;2014;Camiseta;Reserva;R$ 164,70;R$ 87,00
SKU 865;31/01/2014;1;2014;Sandália;Hashtag;R$ 178,60;R$ 65,30
SKU 377;31/01/2014;1;2014;Camisa;Hashtag;R$ 74,60;R$ 29,40
SKU 491;31/01/2014;1;2014;Camiseta;Hashtag;R$ 18,00;R$ 4,10
SKU 916;31/01/2014;1;2014;Sandália;Hashtag;R$ 160,30;R$ 84,70
SKU 996;31/01/2014;1;2014;Camiseta;Reserva;R$ 124,70;R$ 94,10
SKU 374;31/01/2014;1;2014;Sapato;Osklen;R$ 33,80;R$ 13,30
SKU 591;31/01/2014;1;2014;Sandália;Hashtag;R$ 40,00;R$ 6,90
SKU 898;31/01/2014;1;2014;Camiseta;Osklen;R$ 55,70;R$ 16,50
SKU 141;31/01/2014;1;2014;Camisa;Osklen;R$ 67,70;R$ 18,00
SKU 249;31/01/2014;1;2014;Bota;Hashtag;R$ 33,80;R$ 6,60
SKU 347;31/01/2014;1;2014;Boné;Hashtag;R$ 36,50;R$ 6,50
SKU 717;31/01/2014;1;2014;Chinelo;Osklen;R$ 40,40;R$ 21,40
SKU 619;31/01/2014;1;2014;Boné;Hashtag;R$ 18,90;R$ 4,80
SKU 429;31/01/2014;1;2014;Boné;Osklen;R$ 31,40;R$ 11,60
SKU 676;31/01/2014;1;2014;Bota;Osklen;R$ 92,50;R$ 48,90
SKU 936;31/01/2014;1;2014;Meia;Reserva;R$ 93,50;R$ 34,20
SKU 259;31/01/2014;1;2014;Meia;Osklen;R$ 54,20;R$ 12,30
SKU 738;31/01/2014;1;2014;Camisa;Hashtag;R$ 29,50;R$ 6,80
SKU 639;20/02/2014;2;2014;Casaco;Reserva;R$ 173,60;R$ 132,50
SKU 245;21/02/2014;2;2014;Sandália;Hashtag;R$ 26,20;R$ 8,70
SKU 954;22/02/2014;2;2014;Casaco;Osklen;R$ 100,00;R$ 44,40
SKU 798;23/02/2014;2;2014;Camisa;Hashtag;R$ 42,10;R$ 7,60
SKU 414;24/02/2014;2;2014;Camiseta;Hashtag;R$ 29,10;R$ 6,70
SKU 144;25/02/2014;2;2014;Boné;Hashtag;R$ 30,80;R$ 7,70
SKU 225;26/02/2014;2;2014;Camisa;Hashtag;R$ 24,30;R$ 8,40
SKU 122;27/02/2014;2;2014;Camisa;Reserva;R$ 206,10;R$ 141,60
SKU 711;28/02/2014;2;2014;Camisa;Reserva;R$ 156,50;R$ 74,40
SKU 339;01/03/2014;3;2014;Camisa;Reserva;R$ 211,20;R$ 136,40
SKU 888;02/03/2014;3;2014;Bota;Osklen;R$ 55,40;R$ 9,60
SKU 264;03/03/2014;3;2014;Meia;Hashtag;R$ 9,50;R$ 2,40
SKU 757;04/03/2014;3;2014;Bota;Osklen;R$ 36,30;R$ 19,90
SKU 165;05/03/2014;3;2014;Sandália;Hashtag;R$ 40,60;R$ 7,50
SKU 543;06/03/2014;3;2014;Casaco;Reserva;R$ 176,40;R$ 104,90
SKU 655;07/03/2014;3;2014;Camisa;Osklen;R$ 142,70;R$ 45,80
SKU 566;08/03/2014;3;2014;Sapato;Reserva;R$ 95,80;R$ 65,80
SKU 455;09/03/2014;3;2014;Chinelo;Osklen;R$ 5,00;R$ 1,00
SKU 474;10/03/2014;3;2014;Meia;Osklen;R$ 36,50;R$ 8,40
SKU 282;11/03/2014;3;2014;Boné;Osklen;R$ 27,30;R$ 10,10
SKU 681;12/03/2014;3;2014;Boné;Reserva;R$ 228,20;R$ 74,20
SKU 639;13/03/2014;3;2014;Bota;Hashtag;R$ 166,70;R$ 80,70
SKU 893;14/03/2014;3;2014;Bota;Hashtag;R$ 14,70;R$ 3,00
SKU 577;15/03/2014;3;2014;Camiseta;Reserva;R$ 123,60;R$ 121,30
SKU 537;16/03/2014;3;2014;Camisa;Reserva;R$ 148,30;R$ 134,30
SKU 952;17/03/2014;3;2014;Camisa;Hashtag;R$ 37,90;R$ 7,80
SKU 633;18/03/2014;3;2014;Meia;Osklen;R$ 19,40;R$ 5,70
SKU 692;19/03/2014;3;2014;Camiseta;Reserva;R$ 184,00;R$ 116,60
SKU 475;20/03/2014;3;2014;Casaco;Reserva;R$ 353,60;R$ 186,80
SKU 773;20/03/2014;3;2014;Sandália;Hashtag;R$ 28,60;R$ 4,80
SKU 551;20/03/2014;3;2014;Camiseta;Osklen;R$ 53,60;R$ 27,10
SKU 761;20/03/2014;3;2014;Chinelo;Osklen;R$ 23,30;R$ 7,60
SKU 443;20/03/2014;3;2014;Camisa;Hashtag;R$ 171,00;R$ 130,50
SKU 379;20/03/2014;3;2014;Camisa;Hashtag;R$ 36,50;R$ 8,40
SKU 241;20/03/2014;3;2014;Camisa;Hashtag;R$ 64,60;R$ 19,10
SKU 658;20/03/2014;3;2014;Camisa;Osklen;R$ 82,30;R$ 31,30
SKU 415;20/03/2014;3;2014;Sapato;Osklen;R$ 32,20;R$ 9,50
SKU 718;20/03/2014;3;2014;Camisa;Hashtag;R$ 200,10;R$ 126,80
SKU 435;20/03/2014;3;2014;Camisa;Hashtag;R$ 63,60;R$ 18,80
SKU 654;20/03/2014;3;2014;Meia;Hashtag;R$ 13,30;R$ 3,70
SKU 731;20/03/2014;3;2014;Bota;Osklen;R$ 60,50;R$ 17,90
SKU 546;20/03/2014;3;2014;Chinelo;Osklen;R$ 63,60;R$ 19,60
SKU 271;20/03/2014;3;2014;Camisa;Hashtag;R$ 85,90;R$ 36,70
SKU 941;20/03/2014;3;2014;Bota;Hashtag;R$ 14,10;R$ 3,80
SKU 497;05/04/2014;4;2014;Casaco;Reserva;R$ 259,50;R$ 106,60
SKU 323;06/04/2014;4;2014;Bota;Osklen;R$ 34,50;R$ 13,60
SKU 467;07/04/2014;4;2014;Sandália;Hashtag;R$ 237,40;R$ 163,00
SKU 236;08/04/2014;4;2014;Sapato;Reserva;R$ 78,70;R$ 62,40
SKU 471;08/04/2014;4;2014;Casaco;Hashtag;R$ 62,50;R$ 14,40
SKU 231;10/04/2014;4;2014;Casaco;Hashtag;R$ 35,80;R$ 7,50
SKU 342;11/04/2014;4;2014;Chinelo;Osklen;R$ 45,80;R$ 33,20
SKU 669;12/04/2014;4;2014;Meia;Reserva;R$ 75,00;R$ 57,20
SKU 328;13/04/2014;4;2014;Casaco;Hashtag;R$ 54,10;R$ 8,60
SKU 682;14/04/2014;4;2014;Chinelo;Osklen;R$ 10,40;R$ 4,40
SKU 246;15/04/2014;4;2014;Sandália;Hashtag;R$ 109,90;R$ 87,10
SKU 589;16/04/2014;4;2014;Bota;Osklen;R$ 98,60;R$ 46,90
SKU 369;17/04/2014;4;2014;Chinelo;Osklen;R$ 56,80;R$ 36,00
SKU 717;18/04/2014;4;2014;Boné;Osklen;R$ 64,70;R$ 13,90
SKU 776;19/04/2014;4;2014;Bota;Hashtag;R$ 9,10;R$ 3,60
SKU 659;20/04/2014;4;2014;Meia;Hashtag;R$ 10,20;R$ 2,90
SKU 135;21/04/2014;4;2014;Sapato;Reserva;R$ 111,10;R$ 64,60
SKU 345;22/04/2014;4;2014;Casaco;Osklen;R$ 43,80;R$ 18,50
SKU 766;23/04/2014;4;2014;Boné;Reserva;R$ 194,50;R$ 112,10
SKU 497;24/04/2014;4;2014;Camiseta;Osklen;R$ 49,40;R$ 25,10
SKU 227;25/04/2014;4;2014;Sapato;Osklen;R$ 37,50;R$ 13,30
SKU 912;23/04/2014;4;2014;Boné;Reserva;R$ 101,50;R$ 84,30
SKU 649;27/04/2014;4;2014;Camisa;Osklen;R$ 137,90;R$ 28,30
SKU 213;28/04/2014;4;2014;Camiseta;Hashtag;R$ 26,40;R$ 7,30
SKU 761;29/04/2014;4;2014;Camisa;Hashtag;R$ 73,60;R$ 12,70
SKU 418;30/04/2014;4;2014;Camisa;Hashtag;R$ 97,10;R$ 35,10
SKU 389;01/05/2014;5;2014;Casaco;Osklen;R$ 129,50;R$ 38,30
SKU 534;02/05/2014;5;2014;Boné;Reserva;R$ 226,60;R$ 64,50
SKU 526;03/05/2014;5;2014;Chinelo;Osklen;R$ 52,30;R$ 22,60
SKU 945;04/05/2014;5;2014;Bota;Hashtag;R$ 111,70;R$ 49,90
SKU 759;05/05/2014;5;2014;Boné;Reserva;R$ 112,20;R$ 65,90
SKU 557;06/05/2014;5;2014;Chinelo;Osklen;R$ 6,80;R$ 2,00
SKU 328;07/05/2014;5;2014;Boné;Hashtag;R$ 16,80;R$ 5,60
SKU 296;08/05/2014;5;2014;Chinelo;Osklen;R$ 7,40;R$ 1,80
SKU 698;09/05/2014;5;2014;Sapato;Reserva;R$ 88,60;R$ 31,20
SKU 729;10/05/2014;5;2014;Chinelo;Osklen;R$ 32,60;R$ 17,20
SKU 467;09/05/2014;5;2014;Casaco;Hashtag;R$ 43,30;R$ 12,20
SKU 275;12/05/2014;5;2014;Sandália;Hashtag;R$ 40,60;R$ 5,80
SKU 619;13/05/2014;5;2014;Meia;Osklen;R$ 26,30;R$ 6,40
SKU 639;14/05/2014;5;2014;Camiseta;Reserva;R$ 215,50;R$ 123,40
SKU 845;15/05/2014;5;2014;Casaco;Osklen;R$ 148,20;R$ 43,80
SKU 286;16/05/2014;5;2014;Bota;Hashtag;R$ 101,20;R$ 71,30
SKU 965;17/05/2014;5;2014;Camisa;Hashtag;R$ 29,50;R$ 8,70
SKU 636;18/05/2014;5;2014;Bota;Hashtag;R$ 21,10;R$ 4,10
SKU 183;19/05/2014;5;2014;Camiseta;Reserva;R$ 173,00;R$ 58,20
SKU 655;20/05/2014;5;2014;Meia;Reserva;R$ 52,80;R$ 27,90
SKU 573;21/05/2014;5;2014;Chinelo;Osklen;R$ 30,70;R$ 9,10
SKU 826;22/05/2014;5;2014;Sandália;Hashtag;R$ 34,90;R$ 6,70
SKU 565;23/05/2014;5;2014;Sandália;Hashtag;R$ 18,30;R$ 3,70
SKU 986;24/05/2014;5;2014;Casaco;Osklen;R$ 64,00;R$ 17,20
SKU 771;25/05/2014;5;2014;Casaco;Hashtag;R$ 42,90;R$ 11,90
SKU 746;26/05/2014;5;2014;Meia;Hashtag;R$ 10,50;R$ 3,00
SKU 345;27/05/2014;5;2014;Bota;Hashtag;R$ 96,80;R$ 41,90
SKU 146;28/05/2014;5;2014;Sapato;Osklen;R$ 48,10;R$ 11,60
SKU 345;29/05/2014;5;2014;Chinelo;Osklen;R$ 30,70;R$ 6,30
SKU 229;30/05/2014;5;2014;Casaco;Hashtag;R$ 30,00;R$ 7,90
SKU 145;31/05/2014;5;2014;Camiseta;Reserva;R$ 172,10;R$ 100,00
SKU 526;01/06/2014;6;2014;Meia;Hashtag;R$ 17,30;R$ 3,10
SKU 431;02/06/2014;6;2014;Chinelo;Osklen;R$ 10,10;R$ 2,30
SKU 335;03/06/2014;6;2014;Chinelo;Osklen;R$ 8,60;R$ 2,60
SKU 697;04/06/2014;6;2014;Camiseta;Hashtag;R$ 41,50;R$ 6,70
SKU 558;05/06/2014;6;2014;Camisa;Osklen;R$ 72,80;R$ 21,50
SKU 395;06/06/2014;6;2014;Meia;Hashtag;R$ 7,40;R$ 2,60
SKU 556;07/06/2014;6;2014;Casaco;Reserva;R$ 275,60;R$ 131,00
SKU 588;08/06/2014;6;2014;Casaco;Hashtag;R$ 27,30;R$ 6,30
SKU 999;09/06/2014;6;2014;Sapato;Osklen;R$ 27,50;R$ 7,40
SKU 228;10/06/2014;6;2014;Casaco;Reserva;R$ 212,00;R$ 126,00
SKU 996;11/06/2014;6;2014;Casaco;Reserva;R$ 267,30;R$ 130,30
SKU 698;12/06/2014;6;2014;Bota;Hashtag;R$ 16,30;R$ 4,20
SKU 979;13/06/2014;6;2014;Boné;Hashtag;R$ 24,20;R$ 6,20
SKU 614;12/06/2014;6;2014;Meia;Osklen;R$ 13,70;R$ 4,10
SKU 439;15/06/2014;6;2014;Sandália;Hashtag;R$ 40,00;R$ 10,90
SKU 935;16/06/2014;6;2014;Casaco;Reserva;R$ 209,90;R$ 90,70
SKU 194;17/06/2014;6;2014;Casaco;Reserva;R$ 341,80;R$ 97,20
SKU 429;18/06/2014;6;2014;Camisa;Hashtag;R$ 204,60;R$ 144,10
SKU 935;19/06/2014;6;2014;Sandália;Hashtag;R$ 97,40;R$ 80,90
SKU 773;20/06/2014;6;2014;Bota;Osklen;R$ 55,10;R$ 22,40
SKU 465;21/06/2014;6;2014;Meia;Hashtag;R$ 11,80;R$ 3,70
SKU 235;22/06/2014;6;2014;Sapato;Reserva;R$ 104,50;R$ 60,20
SKU 881;23/06/2014;6;2014;Bota;Osklen;R$ 33,20;R$ 10,90
SKU 265;24/06/2014;6;2014;Sapato;Osklen;R$ 14,80;R$ 1,80
SKU 246;25/06/2014;6;2014;Meia;Hashtag;R$ 13,70;R$ 3,50
SKU 778;26/06/2014;6;2014;Casaco;Osklen;R$ 105,10;R$ 28,00
SKU 422;27/06/2014;6;2014;Camisa;Reserva;R$ 320,50;R$ 98,80
SKU 342;28/06/2014;6;2014;Sapato;Osklen;R$ 12,60;R$ 4,20
SKU 586;29/06/2014;6;2014;Bota;Hashtag;R$ 141,00;R$ 52,20
SKU 139;30/06/2014;6;2014;Camiseta;Osklen;R$ 52,90;R$ 20,10
SKU 931;01/07/2014;7;2014;Casaco;Osklen;R$ 134,60;R$ 26,60
SKU 853;02/07/2014;7;2014;Camisa;Hashtag;R$ 55,00;R$ 17,80
SKU 263;03/07/2014;7;2014;Camisa;Hashtag;R$ 39,80;R$ 12,00
SKU 272;04/07/2014;7;2014;Bota;Osklen;R$ 53,60;R$ 14,50
SKU 538;05/07/2014;7;2014;Sandália;Hashtag;R$ 54,10;R$ 11,50
SKU 598;06/07/2014;7;2014;Casaco;Hashtag;R$ 45,20;R$ 11,30
SKU 618;07/07/2014;7;2014;Meia;Osklen;R$ 42,70;R$ 10,40
SKU 174;08/07/2014;7;2014;Sandália;Hashtag;R$ 28,70;R$ 4,40
SKU 761;09/07/2014;7;2014;Casaco;Hashtag;R$ 49,00;R$ 6,10
SKU 968;10/07/2014;7;2014;Bota;Osklen;R$ 35,80;R$ 15,30
SKU 335;11/07/2014;7;2014;Bota;Osklen;R$ 47,30;R$ 18,00
SKU 268;12/07/2014;7;2014;Camiseta;Hashtag;R$ 29,00;R$ 7,90
SKU 288;13/07/2014;7;2014;Camiseta;Hashtag;R$ 26,10;R$ 7,20
SKU 432;14/07/2014;7;2014;Camiseta;Hashtag;R$ 27,40;R$ 4,80
SKU 823;15/07/2014;7;2014;Camisa;Hashtag;R$ 77,80;R$ 19,20
SKU 661;16/07/2014;7;2014;Casaco;Hashtag;R$ 40,00;R$ 10,10
SKU 379;17/07/2014;7;2014;Sapato;Reserva;R$ 114,70;R$ 44,10
SKU 338;18/07/2014;7;2014;Sapato;Osklen;R$ 17,90;R$ 9,90
SKU 877;19/07/2014;7;2014;Camiseta;Osklen;R$ 61,20;R$ 18,10
SKU 936;20/07/2014;7;2014;Casaco;Hashtag;R$ 35,50;R$ 5,70
SKU 355;21/07/2014;7;2014;Chinelo;Osklen;R$ 69,40;R$ 31,00
SKU 548;22/07/2014;7;2014;Bota;Hashtag;R$ 103,70;R$ 54,80
SKU 973;23/07/2014;7;2014;Boné;Reserva;R$ 120,30;R$ 75,10
SKU 797;21/07/2014;7;2014;Camisa;Hashtag;R$ 40,00;R$ 19,20
SKU 181;25/07/2014;7;2014;Bota;Osklen;R$ 35,80;R$ 14,20
SKU 335;26/07/2014;7;2014;Boné;Reserva;R$ 95,00;R$ 67,00
SKU 963;27/07/2014;7;2014;Casaco;Hashtag;R$ 42,10;R$ 9,70
SKU 685;28/07/2014;7;2014;Boné;Hashtag;R$ 30,90;R$ 5,90
SKU 164;29/07/2014;7;2014;Chinelo;Osklen;R$ 10,40;R$ 2,20
SKU 737;30/07/2014;7;2014;Camisa;Hashtag;R$ 72,70;R$ 18,80
SKU 236;31/07/2014;7;2014;Meia;Osklen;R$ 18,80;R$ 5,00
SKU 524;01/08/2014;8;2014;Chinelo;Osklen;R$ 25,60;R$ 6,70
SKU 932;02/08/2014;8;2014;Camisa;Hashtag;R$ 69,50;R$ 20,50
SKU 959;03/08/2014;8;2014;Bota;Hashtag;R$ 12,00;R$ 2,80
SKU 334;04/08/2014;8;2014;Meia;Hashtag;R$ 8,40;R$ 2,40
SKU 272;05/08/2014;8;2014;Camisa;Reserva;R$ 261,40;R$ 151,90
SKU 195;06/08/2014;8;2014;Casaco;Reserva;R$ 237,00;R$ 77,00
SKU 351;07/08/2014;8;2014;Camiseta;Reserva;R$ 152,00;R$ 120,50
SKU 219;08/08/2014;8;2014;Casaco;Osklen;R$ 82,40;R$ 24,40
SKU 958;09/08/2014;8;2014;Casaco;Hashtag;R$ 49,90;R$ 6,70
SKU 987;10/08/2014;8;2014;Boné;Osklen;R$ 44,10;R$ 18,60
SKU 469;11/08/2014;8;2014;Casaco;Osklen;R$ 115,00;R$ 49,10
SKU 226;12/08/2014;8;2014;Camiseta;Hashtag;R$ 30,80;R$ 6,60
SKU 164;13/08/2014;8;2014;Bota;Hashtag;R$ 105,10;R$ 62,50
SKU 683;14/08/2014;8;2014;Chinelo;Osklen;R$ 10,00;R$ 1,70
SKU 651;15/08/2014;8;2014;Boné;Hashtag;R$ 12,50;R$ 3,70
SKU 135;16/08/2014;8;2014;Meia;Osklen;R$ 31,10;R$ 6,40
SKU 778;17/08/2014;8;2014;Boné;Hashtag;R$ 16,40;R$ 4,30
SKU 472;18/08/2014;8;2014;Casaco;Hashtag;R$ 42,10;R$ 9,70
SKU 636;19/08/2014;8;2014;Casaco;Osklen;R$ 115,60;R$ 21,80
SKU 367;20/08/2014;8;2014;Casaco;Reserva;R$ 192,70;R$ 135,70
SKU 559;21/08/2014;8;2014;Meia;Hashtag;R$ 12,10;R$ 2,80
SKU 322;22/08/2014;8;2014;Sandália;Hashtag;R$ 131,30;R$ 61,70
SKU 122;23/08/2014;8;2014;Camisa;Hashtag;R$ 147,70;R$ 23,50
SKU 125;24/08/2014;8;2014;Casaco;Osklen;R$ 123,90;R$ 40,70
SKU 425;23/08/2014;8;2014;Sapato;Osklen;R$ 25,50;R$ 9,70
SKU 144;26/08/2014;8;2014;Chinelo;Osklen;R$ 8,90;R$ 3,00
SKU 511;27/08/2014;8;2014;Chinelo;Osklen;R$ 25,10;R$ 4,60
SKU 144;28/08/2014;8;2014;Camiseta;Reserva;R$ 110,10;R$ 66,50
SKU 282;29/08/2014;8;2014;Boné;Reserva;R$ 141,40;R$ 74,70
SKU 666;30/08/2014;8;2014;Camisa;Reserva;R$ 173,40;R$ 122,20
SKU 811;31/08/2014;8;2014;Meia;Reserva;R$ 56,60;R$ 42,70
SKU 233;01/09/2014;9;2014;Boné;Reserva;R$ 119,30;R$ 90,00
SKU 629;02/09/2014;9;2014;Casaco;Hashtag;R$ 44,30;R$ 8,40
SKU 937;03/09/2014;9;2014;Camisa;Hashtag;R$ 56,30;R$ 14,60
SKU 988;04/09/2014;9;2014;Camiseta;Osklen;R$ 57,30;R$ 14,80
SKU 796;05/09/2014;9;2014;Meia;Osklen;R$ 36,80;R$ 11,80
SKU 123;06/09/2014;9;2014;Chinelo;Osklen;R$ 17,10;R$ 5,00
SKU 431;07/09/2014;9;2014;Meia;Hashtag;R$ 15,20;R$ 3,20
SKU 492;08/09/2014;9;2014;Camiseta;Osklen;R$ 103,80;R$ 28,20
SKU 829;09/09/2014;9;2014;Camisa;Osklen;R$ 45,60;R$ 17,40
SKU 275;10/09/2014;9;2014;Bota;Hashtag;R$ 79,70;R$ 57,90
SKU 861;11/09/2014;9;2014;Boné;Osklen;R$ 34,60;R$ 16,10
SKU 135;12/09/2014;9;2014;Camiseta;Hashtag;R$ 18,20;R$ 4,60
SKU 555;13/09/2014;9;2014;Casaco;Osklen;R$ 132,80;R$ 35,70
SKU 863;13/09/2014;9;2014;Sapato;Osklen;R$ 31,10;R$ 5,00
SKU 544;13/09/2014;9;2014;Sapato;Reserva;R$ 79,40;R$ 41,90
SKU 337;13/09/2014;9;2014;Meia;Osklen;R$ 22,40;R$ 7,20
SKU 172;13/09/2014;9;2014;Meia;Osklen;R$ 21,60;R$ 5,20
SKU 829;13/09/2014;9;2014;Sapato;Reserva;R$ 64,50;R$ 55,40
SKU 341;13/09/2014;9;2014;Meia;Reserva;R$ 77,60;R$ 45,10
SKU 333;13/09/2014;9;2014;Meia;Reserva;R$ 62,30;R$ 26,90
SKU 689;13/09/2014;9;2014;Camisa;Reserva;R$ 302,60;R$ 123,00
SKU 644;13/09/2014;9;2014;Sapato;Osklen;R$ 23,80;R$ 4,60
SKU 736;13/09/2014;9;2014;Camisa;Osklen;R$ 70,60;R$ 18,30
SKU 178;13/09/2014;9;2014;Camiseta;Osklen;R$ 67,60;R$ 17,50
SKU 738;13/09/2014;9;2014;Casaco;Reserva;R$ 156,40;R$ 101,00
SKU 269;26/09/2014;9;2014;Bota;Hashtag;R$ 21,10;R$ 4,90
SKU 836;27/09/2014;9;2014;Camiseta;Reserva;R$ 214,10;R$ 95,70
SKU 683;28/09/2014;9;2014;Sapato;Reserva;R$ 77,80;R$ 70,40
SKU 837;29/09/2014;9;2014;Casaco;Osklen;R$ 47,70;R$ 16,20
SKU 242;29/09/2014;9;2014;Bota;Osklen;R$ 63,90;R$ 15,10
SKU 325;01/10/2014;10;2014;Chinelo;Osklen;R$ 38,50;R$ 24,90
SKU 721;02/10/2014;10;2014;Casaco;Reserva;R$ 249,50;R$ 83,90
SKU 456;03/10/2014;10;2014;Meia;Hashtag;R$ 12,50;R$ 3,60
SKU 756;04/10/2014;10;2014;Sapato;Osklen;R$ 13,00;R$ 3,30
SKU 459;05/10/2014;10;2014;Sapato;Osklen;R$ 9,80;R$ 2,90
SKU 254;06/10/2014;10;2014;Camiseta;Osklen;R$ 66,20;R$ 21,80
SKU 491;07/10/2014;10;2014;Camisa;Hashtag;R$ 201,80;R$ 138,60
SKU 857;08/10/2014;10;2014;Camiseta;Reserva;R$ 112,80;R$ 82,00
SKU 667;09/10/2014;10;2014;Camisa;Osklen;R$ 127,80;R$ 49,10
SKU 977;10/10/2014;10;2014;Sapato;Reserva;R$ 81,40;R$ 30,10
SKU 793;11/10/2014;10;2014;Boné;Reserva;R$ 108,10;R$ 51,40
SKU 515;12/10/2014;10;2014;Camisa;Reserva;R$ 190,10;R$ 100,40
SKU 296;13/10/2014;10;2014;Bota;Hashtag;R$ 150,10;R$ 66,10
SKU 711;14/10/2014;10;2014;Bota;Hashtag;R$ 23,70;R$ 3,80
SKU 927;15/10/2014;10;2014;Boné;Osklen;R$ 65,40;R$ 14,50
SKU 268;16/10/2014;10;2014;Sandália;Hashtag;R$ 178,10;R$ 75,30
SKU 459;17/10/2014;10;2014;Camiseta;Hashtag;R$ 39,00;R$ 4,80
SKU 158;17/10/2014;10;2014;Camisa;Hashtag;R$ 76,20;R$ 20,50
SKU 479;17/10/2014;10;2014;Meia;Hashtag;R$ 12,40;R$ 3,40
SKU 384;17/10/2014;10;2014;Bota;Hashtag;R$ 129,50;R$ 68,40
SKU 152;17/10/2014;10;2014;Casaco;Reserva;R$ 211,80;R$ 111,90
SKU 381;17/10/2014;10;2014;Boné;Reserva;R$ 123,40;R$ 65,20
SKU 545;17/10/2014;10;2014;Sapato;Osklen;R$ 18,20;R$ 5,40
SKU 255;17/10/2014;10;2014;Sapato;Osklen;R$ 16,90;R$ 2,70
SKU 547;17/10/2014;10;2014;Sandália;Hashtag;R$ 41,10;R$ 7,70
SKU 459;17/10/2014;10;2014;Casaco;Hashtag;R$ 45,80;R$ 11,50
SKU 792;17/10/2014;10;2014;Casaco;Osklen;R$ 73,40;R$ 19,70
SKU 291;17/10/2014;10;2014;Boné;Osklen;R$ 39,30;R$ 19,90
SKU 961;17/10/2014;10;2014;Sapato;Osklen;R$ 60,00;R$ 19,20
SKU 512;30/10/2014;10;2014;Camisa;Reserva;R$ 290,20;R$ 129,70
SKU 258;31/10/2014;10;2014;Camiseta;Reserva;R$ 194,40;R$ 133,50
SKU 871;01/11/2014;11;2014;Camisa;Hashtag;R$ 116,60;R$ 29,20
SKU 763;02/11/2014;11;2014;Camiseta;Osklen;R$ 39,00;R$ 10,10
SKU 358;03/11/2014;11;2014;Camiseta;Hashtag;R$ 28,40;R$ 10,70
SKU 568;04/11/2014;11;2014;Meia;Osklen;R$ 24,90;R$ 11,00
SKU 332;05/11/2014;11;2014;Camisa;Osklen;R$ 138,00;R$ 40,80
SKU 899;05/11/2014;11;2014;Meia;Hashtag;R$ 7,80;R$ 2,20
SKU 344;05/11/2014;11;2014;Camiseta;Osklen;R$ 80,50;R$ 16,70
SKU 982;05/11/2014;11;2014;Sandália;Hashtag;R$ 24,20;R$ 4,90
SKU 141;05/11/2014;11;2014;Chinelo;Osklen;R$ 7,70;R$ 2,40
SKU 777;05/11/2014;11;2014;Camisa;Osklen;R$ 66,20;R$ 22,40
SKU 332;05/11/2014;11;2014;Meia;Hashtag;R$ 10,80;R$ 2,70
SKU 315;05/11/2014;11;2014;Chinelo;Osklen;R$ 38,00;R$ 28,70
SKU 886;05/11/2014;11;2014;Camisa;Reserva;R$ 268,60;R$ 141,90
SKU 525;05/11/2014;11;2014;Sapato;Osklen;R$ 17,50;R$ 8,10
SKU 582;05/11/2014;11;2014;Camisa;Osklen;R$ 73,20;R$ 21,70
SKU 218;05/11/2014;11;2014;Sapato;Reserva;R$ 73,60;R$ 66,70
SKU 826;05/11/2014;11;2014;Camiseta;Reserva;R$ 176,30;R$ 124,20
SKU 289;05/11/2014;11;2014;Chinelo;Osklen;R$ 28,40;R$ 10,90
SKU 224;19/11/2014;11;2014;Meia;Osklen;R$ 26,60;R$ 6,60
SKU 348;20/11/2014;11;2014;Camiseta;Osklen;R$ 85,30;R$ 23,30
SKU 947;21/11/2014;11;2014;Casaco;Hashtag;R$ 45,60;R$ 15,20
SKU 371;22/11/2014;11;2014;Casaco;Hashtag;R$ 67,60;R$ 8,40
SKU 121;23/11/2014;11;2014;Bota;Osklen;R$ 62,20;R$ 15,30
SKU 484;24/11/2014;11;2014;Camiseta;Reserva;R$ 176,30;R$ 62,10
SKU 516;24/11/2014;11;2014;Bota;Hashtag;R$ 30,40;R$ 5,90
SKU 397;24/11/2014;11;2014;Camisa;Osklen;R$ 107,40;R$ 31,80
SKU 768;24/11/2014;11;2014;Sapato;Osklen;R$ 13,80;R$ 4,80
SKU 319;24/11/2014;11;2014;Chinelo;Osklen;R$ 49,30;R$ 17,40
SKU 281;24/11/2014;11;2014;Boné;Reserva;R$ 190,80;R$ 109,20
SKU 367;24/11/2014;11;2014;Sapato;Osklen;R$ 20,00;R$ 4,60
SKU 698;24/11/2014;11;2014;Bota;Hashtag;R$ 13,50;R$ 4,20
SKU 791;24/11/2014;11;2014;Bota;Hashtag;R$ 22,20;R$ 5,20
SKU 664;24/11/2014;11;2014;Boné;Osklen;R$ 78,70;R$ 17,50
SKU 655;24/11/2014;11;2014;Camisa;Osklen;R$ 84,00;R$ 30,40
SKU 143;24/11/2014;11;2014;Casaco;Reserva;R$ 182,30;R$ 77,00
SKU 433;24/11/2014;11;2014;Camiseta;Osklen;R$ 50,10;R$ 27,60
SKU 794;24/11/2014;11;2014;Sapato;Osklen;R$ 20,60;R$ 4,80
SKU 972;08/12/2014;12;2014;Camisa;Hashtag;R$ 47,80;R$ 11,00
SKU 967;09/12/2014;12;2014;Boné;Reserva;R$ 89,50;R$ 53,20
SKU 249;10/12/2014;12;2014;Boné;Hashtag;R$ 21,50;R$ 5,40
SKU 286;11/12/2014;12;2014;Camisa;Hashtag;R$ 46,30;R$ 6,80
SKU 116;12/12/2014;12;2014;Sandália;Hashtag;R$ 37,70;R$ 5,50
SKU 635;13/12/2014;12;2014;Sapato;Osklen;R$ 17,20;R$ 4,30
SKU 516;14/12/2014;12;2014;Chinelo;Osklen;R$ 11,60;R$ 5,60
SKU 713;15/12/2014;12;2014;Bota;Hashtag;R$ 26,30;R$ 5,60
SKU 914;16/12/2014;12;2014;Sapato;Osklen;R$ 37,40;R$ 15,80
SKU 329;17/12/2014;12;2014;Boné;Reserva;R$ 153,40;R$ 99,00
SKU 982;18/12/2014;12;2014;Casaco;Osklen;R$ 77,90;R$ 28,20
SKU 655;19/12/2014;12;2014;Camisa;Hashtag;R$ 102,50;R$ 35,90
SKU 382;20/12/2014;12;2014;Chinelo;Osklen;R$ 44,30;R$ 23,40
SKU 169;20/12/2014;12;2014;Bota;Hashtag;R$ 93,30;R$ 61,60
SKU 375;20/12/2014;12;2014;Camiseta;Hashtag;R$ 26,40;R$ 6,70
SKU 233;20/12/2014;12;2014;Camiseta;Reserva;R$ 208,40;R$ 59,30
SKU 994;24/12/2014;12;2014;Bota;Hashtag;R$ 106,80;R$ 69,00
SKU 711;25/12/2014;12;2014;Chinelo;Osklen;R$ 9,40;R$ 2,20
SKU 137;26/12/2014;12;2014;Camiseta;Reserva;R$ 155,80;R$ 98,80
SKU 349;27/12/2014;12;2014;Sapato;Osklen;R$ 10,20;R$ 3,70
SKU 613;28/12/2014;12;2014;Casaco;Hashtag;R$ 36,40;R$ 8,40
SKU 182;29/12/2014;12;2014;Casaco;Reserva;R$ 205,30;R$ 78,90
SKU 334;30/12/2014;12;2014;Sandália;Hashtag;R$ 16,60;R$ 4,80
SKU 395;31/12/2014;12;2014;Camisa;Hashtag;R$ 46,80;R$ 11,90
